-1.357702315392687042e+00,1.361043207956290912e-01
-4.500193425214911447e-02,2.049978193455045394e-01
-1.585289747821626294e-01,3.737829596304624302e-01
1.398633599525195836e-01,-1.138012685882492242e-01
-4.351889552466825517e-01,4.206871140199253678e-01
5.807034390381144995e-01,-6.850841025115997351e-02
-5.143105032528701992e-01,8.225334579665592727e-02
-4.152729806278930846e-01,2.444785656627413428e-01
6.845174863690609013e-02,-8.102844489549129725e-02
-5.614018257312128890e-01,6.171892868659886178e-01
-1.274701234980786690e+00,2.893926381358423172e-01
-7.368021440576149050e-01,-1.401902536295130675e-01
1.396627834972094702e-02,5.605702230923903517e-01
-1.057277345734252139e-01,1.970150922300702157e-01
-4.433977790665936114e-01,4.475854949363722302e-01
2.620612417402353733e-01,-1.055483939446869995e-01
-2.200080053072411557e-01,1.593350076012741978e-01
-5.270154927961305802e-01,9.445933213324210487e-02
-2.090659156051505874e-01,3.332526166054113892e-01
-1.402327011466488527e+00,-2.609820211930770628e-01
-2.082102385072379103e-01,2.127328887580895167e-01
6.278751370832565959e-01,1.926098203451060697e-01
4.198671406706016573e-01,-4.985913259446239643e-02
-8.273062909201511772e-01,3.345118312132836502e-01
4.025985066744207086e-01,5.503931798771825867e-02
-5.515425826197843939e-01,1.767881521832752670e-02
-5.711261534951168617e-01,5.714661993377150306e-01
3.172672364131857714e-01,2.863121143038785399e-01
-1.533876919732507504e+00,-1.745224218994606280e-01
-1.395962386756635643e-01,4.378719345229420967e-01
-1.570563881791042338e+00,1.657397029313233960e-01
1.670263057585162358e-01,1.522258996996737612e-01
2.481814293127895810e-01,3.090444087901187964e-01
-7.251388309812052402e-01,7.694540056774832326e-01
-5.997177163851958870e-01,-1.722545098445531220e-01
-1.163203977762455599e-01,-1.798218866358732015e-01
-9.482503874628170903e-01,5.121448162479634858e-01
-8.881578629771477162e-01,-2.261420583687548114e-01
-9.953932855449276751e-01,7.416211141216206837e-01
-1.675061737370343140e+00,-1.908578582536235857e-01
-3.632406551344483647e-01,6.651183276194375660e-01
9.227057158071742815e-02,2.597892729673352830e-01
-2.796780436135429260e-01,6.771892289780081509e-01
8.433405552305041353e-02,1.316868544316180008e-02
-1.164315244980348885e+00,-7.114706726823344721e-03
-1.019066000964420571e+00,8.110610719286509562e-01
5.962034703581444717e-01,-8.515219532331201602e-02
-1.298864052394553270e-01,-1.545810303403922503e-01
-1.267684018109287714e-01,2.745926016662437741e-01
-3.066201050922497395e-01,-9.897911023139614739e-02
-2.886275072400659725e-01,3.130527905329058003e-01
-5.228840611342557843e-01,2.582997143994812950e-01
1.357332592170869545e-01,4.557404892996114697e-03
-1.405336843598186114e-01,3.628144153167141006e-01
-8.562680732335337108e-01,7.014969877810296461e-01
-3.425576887282205663e-01,-1.799262191893999940e-01
-2.041292062798186757e-01,1.733273710979912619e-01
-1.020029795501580377e-01,7.440438812166090266e-01
-3.778376412103340298e-01,8.696516499878179096e-02
8.496519592546944444e-02,5.056005271811926383e-01
-2.090535435399232256e+00,-3.567530554795659836e-01
-1.721353938149160046e+00,2.814485362871058105e-01
1.792094404182462478e-02,6.973123859493798316e-01
-7.596196322843788984e-01,7.753209686023433689e-02
1.924117492336624158e-01,2.609664711111486235e-01
6.391574151098388112e-01,-1.334952271590865158e-01
2.426064764823379072e-01,-1.447000166262878418e-01
-1.063690877802963897e+00,1.137231784046718541e+00
8.157316614545777611e-01,1.566661736620347523e-01
-5.994487712433985149e-02,1.554853716720507595e-01
-1.035717090613030189e+00,1.394133095836594949e-01
-4.284800859004266882e-01,2.210787925042804331e-02
-4.832712085921014866e-01,2.836073762063068271e-01
-7.969663825386370526e-01,3.367274446066909066e-01
-1.066358455649103920e+00,2.404145244459571229e-01
-7.877901651713051789e-01,-1.330812420676252272e-01
6.783548063145775631e-01,4.070076296089780721e-02
-4.885328163721215367e-01,-1.917620953509379111e-01
-2.676739838919222070e-01,2.663762182027976655e-01
-9.334266692369428409e-01,8.410918890206460219e-01
1.014563861019151192e+00,-4.872260878273788898e-02
7.237633093552277297e-02,1.572320886282169983e-01
2.602259910254829944e-01,5.823533965501959120e-02
1.922556936478196088e-01,2.865662173407360624e-01
-1.758558220852967924e-01,7.202903647707877000e-02
-4.822578259562751990e-01,2.301684197460454884e-01
-3.926106267088317892e-01,5.965467189027161554e-01
-9.857892361913539458e-01,2.683696893906737935e-01
7.983846709560925570e-01,8.546782739196864820e-02
-1.595172827804038240e+00,8.968033504141205148e-01
-1.128825553566768086e-01,1.126644646764576041e-01
-5.210451507649657144e-01,8.195518823964166311e-01
-1.129007598485059827e+00,3.574220300003722040e-01
-1.182343598791316674e+00,-1.034012889543720060e-01
1.096788449735354859e-01,4.090822467674950502e-01
-2.565191279213613340e-01,-1.250485167534044206e-01
2.305784519105765484e-01,1.200857505775470430e-01
-3.627067858464899097e-01,2.050347398937770182e-01
-2.865540946204327977e-01,8.951086036376432187e-02
7.302855291996885878e-01,-1.481086707668554346e-02
6.325182537813510697e-01,8.842272167325726517e-02
-5.599479251482191167e-01,3.310795913671111396e-02
3.556960594259379049e-01,4.511220622322444085e-02
-4.755817572436436547e-01,3.295412274304287958e-01
-1.846345999021688167e+00,4.045475908980298296e-01
6.481181670039950493e-01,1.776781837554386456e-01
-4.839489951676204105e-01,1.346872471828787221e-01
-2.709564236520015101e-01,6.006868419562474276e-02
-1.270042918815821320e-01,-1.543042163008288281e-01
-9.248107741036698526e-01,5.625408844030090894e-01
-7.616514375762637457e-01,1.022038646662979111e-01
6.813990311566395786e-01,5.135944489312883193e-02
-3.636188313397849953e-02,-3.745422780463035506e-02
4.190978978666224375e-01,-1.512131293945788990e-01
4.932693107522657106e-01,3.243324102525519947e-01
2.613106735595717711e-01,-2.047693882499874302e-02
-3.231428794889006917e-01,9.962703941406800268e-02
-6.545257972816717063e-01,-9.609704138274426100e-02
-2.574914974904645604e+00,-3.882706122024877082e-01
7.664060088055990594e-01,-1.228421567776544557e-02
-3.028993161860393246e-01,1.382260901025811617e-01
-3.228285830155803726e-01,5.578317157712046059e-01
-4.335281322014557515e-01,1.022171990304291400e+00
2.487390632774342525e-01,3.306645758007049074e-01
-2.102077008268474767e+00,4.317931178837714490e-01
-1.242752390560975861e+00,1.041098233248850979e+00
-2.009272041909843376e-01,8.219632138143426747e-01
6.850206383604906697e-03,-5.439726199249477617e-02
-1.256910868086791311e+00,-1.450931759884900862e-01
3.060977959052432751e-01,2.615833038158638657e-01
-1.118344246088142091e+00,-3.388328033509782806e-05
-5.944242125730201387e-01,1.050491149811938252e+00
5.810734644645646485e-01,2.068731302475331491e-01
3.341572984322032647e-01,1.405939336330335465e-01
-3.708336035926518282e-02,-1.422071495214035919e-01
-1.478716007534644772e-01,7.394033008728295719e-01
5.864354247563102751e-01,8.078970882438513135e-02
4.109350834453487367e-01,2.470247536883745376e-01
2.018760007357842945e-01,5.048041364401431030e-01
-1.568704513061167205e+00,-7.886561536440780951e-02
4.188885167054401948e-01,-1.156828827446722135e-01
-1.187174549860173567e+00,2.537831093128775084e-01
-3.540973684176303427e-01,4.790895931316136586e-02
-2.149752438417043832e-01,4.187679943759526902e-01
-8.674449829669003131e-01,1.130323544596473884e+00
5.374311292259521533e-01,-4.407701905214523458e-02
-1.532243530408713861e+00,-1.657352155698219309e-01
-1.611787142989884236e+00,5.542534606246731776e-01
5.604987279257815924e-01,-6.273789888083908250e-02
-3.725555192107113389e-01,2.468438997783566069e-01
-1.427113861455456822e+00,2.956831270392257238e-01
6.456352989439436696e-01,-1.182652232088135004e-02
-1.601777909331818239e-01,1.487890454006331187e-01
-3.707984324132766740e-02,5.736796853719082767e-01
-4.688705346593074474e-01,1.296942190008502083e-01
-2.010711268698811782e+00,-7.582200267543717787e-02
-1.377375865517969089e+00,3.138656966967366402e-01
9.034221255542542739e-01,-3.991421781137090979e-03
-7.536103451681381848e-01,-1.375156612485485541e-01
-8.357016126559360103e-01,5.545477214081531159e-01
-2.274532310857234896e-01,5.414532675605725556e-03
-1.814267640853733266e+00,3.609194956356067130e-01
1.649940345255775931e-01,-1.353134968364589630e-01
-5.225350691469278219e-01,5.307672049922537161e-01
4.536067101103299221e-02,6.836057719035901759e-01
-3.365483936249614727e-01,5.467360385471944362e-01
-1.480008953101614066e+00,3.366260840335386084e-02
-1.182093521762282551e+00,-3.092977330020441409e-02
-2.222993044392238826e-01,2.437559162709310168e-01
-2.245603168733383836e-01,1.815711603179777089e-01
5.142232727883424559e-01,2.759032600929631762e-01
2.476360498628810969e-01,-2.475387473355622134e-02
-1.157439224326104021e+00,3.622550944720347998e-01
2.987944388622413294e-01,1.254592925254371660e-01
-8.163120226125449019e-02,6.537845476474757334e-01
7.736417244963259554e-01,-2.504455862722041598e-02
8.114070966950409636e-02,-7.460777496995657510e-02
1.360515336259736918e-01,5.832301907367926086e-01
-1.019834170567397003e+00,2.423647532055338005e-01
3.547144167988504626e-01,4.389222402193307393e-01
-1.333426720167505408e+00,1.131789439520351603e+00
-1.336458339525973038e+00,2.287913329101191606e-01
-1.312599928051251696e+00,2.579346238420803239e-01
-1.951063987327365523e-01,2.802905984237736847e-01
-2.112932591519822156e-01,4.642394516481910260e-01
-4.107226266724268715e-01,1.549418360077864099e-01
6.546650511789953164e-01,-4.359526299925980952e-02
7.692907403335108585e-01,3.400537673164341634e-02
-7.383786244769724449e-01,8.914540476132237767e-02
-3.596103359396827792e-01,2.037405861735402945e-01
-5.779717082748918322e-02,4.015277662607273368e-01
5.756592029590933413e-01,9.200882752811430365e-02
-1.158643918361751957e-01,-1.551380835921035706e-01
-1.180799734641813314e+00,2.949018104403365315e-01
-2.419145312889698640e-01,-2.135152893822510334e-02
-5.305016377167780517e-01,-8.339021828364170941e-02
3.414797929434683632e-01,2.852726015678634375e-01
-1.473388164267486866e+00,5.287286696588863188e-01
1.302906019650998393e-01,6.132505730574826508e-01
2.240804544563780032e-01,-1.479152634430094260e-01
7.055664503417571343e-01,7.921132837804210555e-03
-9.145810984718981684e-01,5.691001367472660333e-02
-1.003803486946000856e+00,1.118157518757028068e+00
-1.353980748150198365e-01,6.549080105755878956e-01
-3.488562044318968547e-01,5.659975524821098808e-02
5.392761430719551496e-01,-1.119583012013229684e-01
-1.410750479395893597e-01,6.423215395786535664e-01
4.341619519795655302e-01,-1.417923225177696034e-01
-1.530469945233559614e-01,-1.912211715137850099e-01
-3.448818552638510115e-01,8.528189965517525284e-01
4.886369137555736097e-01,1.458106117891996845e-01
3.700190332866489240e-01,2.868193751301023053e-01
4.357808764787488021e-01,4.004407627983091467e-01
4.353843577535446152e-01,3.827282243377144733e-01
-1.120838666255249860e+00,4.738179273709971495e-01
-1.355134975492016780e+00,8.519317448590343900e-02
-6.030728752643307322e-01,6.237804157950613826e-01
2.536162153136634068e-01,1.348716111238552721e-02
-3.151518784329835343e-01,9.285162547470525718e-01
-1.178008016534430463e-01,3.651438032194126437e-01
-3.625648015568614380e-01,-1.264907042771984680e-01
-7.051842374043451045e-01,5.176572704598096930e-01
4.600086329855813116e-01,1.161235252520146782e-01
1.184074365395071660e-01,3.738046222915715200e-01
4.411022513331919193e-01,4.337764405768982923e-01
-1.636893219940754526e-02,5.022984840468337486e-01
1.818612087082664697e-01,2.175799606363916228e-01
8.187861384894525862e-01,-1.365002583813440251e-01
3.516746794740505666e-01,6.658392585233285400e-03
-4.287334823673155104e-01,-1.403357986707384590e-02
6.154768420489710179e-01,2.016195259115146909e-01
2.292279727777961906e-01,3.565049279473696264e-02
-2.980293290520941718e-01,-4.586231537949122389e-02
-2.222076229584128093e+00,2.200772988684859544e-01
4.471681263125445449e-01,3.828457791005136501e-01
-1.028419564501925842e+00,9.980978247037318729e-01
1.733461375703364560e-01,-6.022208254163778640e-02
-8.009976144845921686e-01,8.351585340472874597e-01
1.466765431915347251e-01,3.925472561948513683e-01
-3.571498453634533443e-01,8.390713771345731375e-01
-1.053105867497321491e+00,-1.665001452530279480e-01
7.705269298276471446e-01,1.196064185448298713e-02
1.847527920709780003e-01,2.272395577577336068e-01
-1.771374340695628158e+00,1.214914642636872461e-01
-4.682145170955491209e-01,1.875246051349385148e-03
3.239303200173154762e-02,1.691909965358593532e-02
9.357882267950837218e-02,1.705180862416115217e-01
-5.345629539637285488e-01,-1.560059446540267014e-01
-7.684429407092483455e-01,3.854590993653819048e-02
2.400567518990410210e-01,1.356954013594496335e-02
1.155915098920680562e+00,-9.931968092554982475e-02
-1.239455282201140235e-01,2.465452937918153065e-01
-1.210206657895172427e-01,-1.906935259227522939e-01
-1.264114041210748218e-01,-1.626834945932490173e-01
-6.106923104063703700e-02,8.015618840858931282e-01
1.237213088475322062e-02,2.771916610623229374e-02
-1.408936734728816753e-01,5.129168486573137953e-01
1.656891486703579996e-01,2.619723283757973697e-01
-1.876184951848813148e-02,6.795686489988098655e-01
6.662997074950813836e-01,-2.794508339715620279e-02
3.226048732368829719e-01,-4.720068271226281892e-02
1.413762579244412856e-02,6.426634768717320867e-01
-1.036958673620848481e+00,-1.543902911665690492e-01
-1.193582376981372040e+00,1.892196137582721482e-01
-4.873583005605008900e-02,1.186819117397199669e-01
-1.819536199550592315e+00,8.171345185076342998e-01
6.160065030813502984e-01,2.089369005507960841e-01
-2.693623146512563182e-01,2.198747857663154448e-01
1.902081075769568586e-01,4.032651205696284324e-01
-2.390593005227795054e+00,-3.774179830253873713e-01
8.874293588535993038e-01,3.959147729081759215e-02
-6.508580455982387880e-01,3.245866958028635896e-01
4.811739370061396404e-01,-1.185520833340828785e-02
-4.955276782017976056e-01,1.070653000057424503e-01
-5.852679398505885588e-01,5.223146415658889152e-01
-3.690116449325013259e-01,7.529214921936187022e-01
2.177948071329122437e-01,5.692081584643734482e-01
-1.511286166820173360e+00,1.234851005318205130e+00
-1.023423803467790744e-01,5.874677988517966465e-02
5.392906661805876301e-01,1.824715575447900806e-02
7.613042204698707849e-01,1.280521772206038023e-01
7.801301797319996068e-01,-5.939262638991893439e-02
-2.252840807775352006e-01,3.252958540334510706e-01
-1.932178385087532368e-01,-1.218484519468391036e-01
3.463425229412211981e-01,8.872653150650415543e-02
-6.640913142211607445e-01,-1.248586781278237384e-01
-5.007306211363988790e-01,-1.932438982213388265e-02
-5.889463921453926831e-01,-1.746802599048487975e-02
8.284470590595274242e-01,-9.039995772618410197e-02
-1.011314119089181007e+00,2.013348072305324310e-01
-2.028173336364959278e-01,5.062912997446210595e-01
-7.845286552640096112e-01,2.552616355872339843e-02
-5.761604082560198847e-01,-1.422103663780349969e-01
-1.318611445753912870e+00,-1.699037823159279918e-03
1.095637720645736696e-01,2.159549508945665663e-01
7.981017521182373065e-01,6.840353177818564445e-02
4.799872916253605792e-01,5.170899109331283244e-02
-2.250050308986855929e-01,3.431220665958128468e-01
-4.147292186980592321e-01,2.037326830606808192e-01
-1.724144078738521768e-01,1.133589140927190181e-01
-1.163855413027775398e+00,-1.716369917155790847e-01
-4.811770172135855228e-01,1.105632321981580013e-01
-2.189776740637965902e-01,2.967699141291235132e-01
2.700871121858320345e-01,1.927324093489093670e-01
-8.145081759270109689e-01,2.948713624279322622e-03
2.746584587500855990e-01,3.903910256201308382e-01
-9.091258202419337797e-01,-4.715881996706036000e-02
-9.116560399197221054e-01,4.557290513107603580e-01
8.565795011253101165e-01,5.212068494877346303e-02
4.079693848455218097e-01,1.580202313376240786e-01
-1.285135712132171371e+00,9.320443839809450237e-01
-9.770390913372446473e-01,1.997110755574292018e-01
-1.690387513056130997e+00,-2.616597916999593432e-01
1.929344418076734402e-01,3.767726851824876322e-01
8.905224519330594557e-01,5.018542575519854831e-02
-9.515338951333881523e-01,-2.841519877757585008e-02
-5.964264972829883549e-01,3.251391644533811465e-01
5.678964744263730324e-01,5.321788999651679702e-02
2.276446773734582540e-01,2.583231629296822707e-01
9.183800109104327536e-01,1.917508301368445536e-02
-2.728040206391251221e-01,2.772450318756750631e-01
-1.379464696802675361e+00,1.374901618814431403e+00
-8.503840941483161719e-01,1.674800126452797300e-01
4.311835269574338381e-01,2.406689958884335179e-01
3.293018122792390479e-01,3.778322064842414840e-01
2.887718253387647205e-01,5.471506524417887318e-01
-7.479009375140994731e-01,6.031980035351317548e-01
6.799369949862381635e-01,1.323998770160919047e-01
4.861425784728320987e-01,8.472483128645308392e-02
-2.198772712441613708e-01,6.153601831942316913e-01
-9.370022693138000403e-01,-6.990578472113469222e-02
2.834566986636682384e-01,-1.078860015043853621e-01
-1.036150320685758519e+00,8.610394455289405169e-01
-4.242022354283939839e-02,-1.647830339824459811e-01
2.007696132417897961e-01,6.336026253329761493e-02
-1.031300229149861858e+00,2.325951813406217095e-01
-2.389377307422863861e-01,1.157848503413513586e-01
-6.775651123111232632e-01,4.846441766218847480e-01
7.146528302633090024e-02,2.227448047471526915e-01
-3.778862073607832661e-01,3.092253578072451381e-01
-1.181355867477583699e+00,6.147173495033558810e-02
-4.022741651964987786e-01,2.511899582015615917e-01
-2.398845365253191586e-01,8.827947839967564825e-02
-3.383757123450474857e-01,2.120157531390529648e-01
6.119778866342854284e-01,-4.590210235575600643e-03
-5.512733933131459541e-01,6.390812500904167193e-01
-1.798391575712270790e-02,3.935481946350034010e-01
-9.279411749726353964e-01,3.947815893072187388e-02
1.013625624890250078e-02,-1.194498544112214226e-02
-4.709191300009656911e-01,1.377374867550672788e-01
-1.376692069736495661e-01,5.672213728485898665e-01
-1.893051450450174977e+00,6.797479877348724941e-02
-5.984834021740483845e-01,4.588381267142980779e-01
4.115389979878906757e-01,1.319606077220779883e-01
-7.583554299734892590e-01,-1.316866437292270320e-01
2.353035011796563158e-01,-1.529618497925417930e-01
-2.785697579146059755e-01,1.892765783813447622e-01
-1.908513457878351582e+00,9.382903341387855214e-03
-1.370663471215672891e+00,4.574213800426538690e-01
2.176334866720256445e-01,9.404509994778520454e-02
-8.434828761239336614e-02,7.384064907338695471e-01
5.896668082077705098e-01,-2.770486530771268385e-02
-9.890942597678037407e-01,2.404076887464033918e-01
-3.058323171785768887e-02,-1.755217959114731829e-01
-1.824101064205422507e+00,2.644447578759718809e-01
-1.155123536100097104e+00,5.736637478870013629e-01
3.926319089166859233e-01,1.433769266093067596e-01
-1.901114576822862556e+00,7.804731543131705473e-01
-5.876978559970675448e-02,-1.829835104967678094e-01
-6.223504950341169906e-01,4.132952968552144890e-01
-7.353303915304886251e-01,-8.163844190787576671e-02
-1.167265980531353886e+00,8.859451983691798982e-03
-7.015561622410452225e-01,1.689648240271383328e-01
1.797056176074279532e-01,1.588623729237831350e-01
-3.058165992585488158e-01,-1.597152816726438995e-01
3.445511900423121610e-01,-9.431621701119025092e-02
-6.372858516658554962e-01,-2.197228316979056850e-01
-9.107239409599523494e-01,2.365198594456258407e-01
-4.008774674183844255e-01,6.623176972981797972e-02
5.261875754855482867e-01,1.946037294376063986e-01
-1.006793902726782264e+00,-1.448743781166777047e-03
-1.177299536791759138e+00,8.906243704881028345e-01
-1.601351859504315911e+00,-2.875689366492499843e-01
-4.075631254917134183e-01,-3.836370095266250502e-02
7.119174998306369018e-01,4.938225323043180653e-02
-3.816943097423652342e-01,4.423262251312811699e-01
1.005424895697838161e-01,3.218403074279495985e-02
-1.252043884568564192e+00,3.010306254724260389e-01
-4.424661895667759137e-01,1.714397851414630192e-01
5.129351551306078338e-01,-2.103821342091321059e-03
-3.138193697550325512e-01,4.463719081902244867e-01
-9.949176855704683353e-02,-1.255159414719882738e-01
-4.074532942747619013e-01,2.119257180331096946e-01
-3.155914871043292713e-01,2.035077866466168950e-01
-3.183876734717343560e-01,-1.392678431675345718e-01
-1.056364669879258145e+00,4.335244478279118852e-01
-9.084388575460351778e-02,1.154866320127975465e-01
9.706026807787201949e-02,2.731032969057764492e-01
1.511401399575606173e-02,-1.368682472639693171e-01
7.142148419884782884e-01,2.202289942998071279e-02
-3.187299539406903137e-01,-3.986988422511578839e-02
-1.536133709856379592e-01,6.491094794596575790e-01
-6.424589689196696929e-02,7.779528738343747252e-01
5.320026223912138752e-02,2.452973976528324551e-01
7.448534197913222465e-01,2.156092574244057591e-01
-5.657102231869307607e-01,-5.492782824804777475e-02
-5.311533146854415799e-01,6.861285522441780416e-02
-3.392832343322250144e-01,-1.881243839815382275e-03
-7.115323087813634206e-01,2.642016181291985122e-01
1.236319669141773270e-01,3.597377235226288383e-01
1.431070177705933977e-01,2.989134752851372867e-01
4.426456510134942901e-01,1.158182222965327690e-01
-9.015161950716422679e-01,-1.710606869824460004e-03
-2.199096506356685854e+00,-3.369243749407381250e-01
-1.362476788898958180e+00,-3.267780944931907017e-02
-1.288315558430265462e+00,4.369952970638458362e-02
-5.763236118014430226e-02,3.432715552639235002e-01
-2.963591335704027774e-01,5.139373929664053237e-02
-1.473150515761693979e+00,1.692570988011129207e-01
2.270459040642669110e-02,6.327613656814766729e-01
-1.030515798162920271e+00,2.892896060771084077e-01
-5.658094653924793382e-01,-4.760901306989739207e-02
-4.947968018990134276e-01,4.157867165998221926e-01
-1.172953043947003504e+00,3.865912049860125710e-01
-7.560566660917331649e-01,2.018521633140851479e-01
-7.133288466533065364e-01,1.734322285738063019e-01
1.116152961922792786e-01,3.021084931255942907e-01
8.753811190850306623e-02,3.759393445973612802e-01
-8.361231767207977228e-01,1.219272501783347007e+00
5.342176602247938888e-01,-3.114448526264273283e-04
-3.741025971890455382e-01,6.591352145032183252e-01
-1.120034564834051949e+00,2.906376178762528628e-01
-1.856216066738626935e+00,-2.728969958308342103e-01
4.612219749614294984e-03,1.572247760846466891e-01
-2.132409513299330595e+00,-1.976502043266839259e-01
5.605093126274665050e-01,3.003655879484866675e-01
-4.132843211623262597e-02,3.688163934951524947e-01
-1.598538270492916524e+00,-1.470905007416513366e-01
-4.305192875039403622e-01,7.470606737273981501e-01
-3.883631616512364659e-01,-1.636897748522082030e-01
-4.723539651422650198e-01,8.526761887558629294e-01
2.454240480684461712e-01,2.998183513064911487e-01
-6.125941241531849268e-01,-1.864731197882399660e-01
1.191256291005376111e+00,-1.073082037438345959e-01
-9.597992501924554887e-01,2.700378363188691844e-01
-1.250732460271102298e+00,-6.461688489116465539e-02
7.681482235651712065e-01,-4.785264596610455667e-02
1.179049786968430213e+00,-1.021525234339417387e-01
-7.080590958613898200e-01,2.475284202022775583e-03
2.938394914073430564e-01,3.098168012414551087e-01
-7.864483335470728864e-01,-1.695530359276972709e-01
-9.628576223387963484e-02,3.762116190842172969e-01
3.824467409671388624e-02,2.923247961396342742e-02
2.435049049361052986e-01,2.551933619614195070e-01
-1.752216240052221485e-01,-2.956195952230074656e-02
-9.399467653551060176e-01,3.849654591402874582e-01
8.139204483573432292e-01,-6.904211915756952589e-02
1.960857579491218639e-01,-6.424635610758994142e-02
1.489239819263175335e-01,6.082067818277829829e-01
3.878051316413984595e-01,4.318256960803710243e-01
6.736365044175880723e-02,2.184545192931687876e-02
6.405964313483922812e-01,2.280176219190319653e-01
1.684398612726031863e-02,2.789058637698731968e-01
-9.615571392890508440e-01,2.996106071881808330e-01
4.731525331723809846e-01,1.068790872678293119e-01
-1.042797371881706736e+00,5.855949773152583360e-01
3.330694400750477957e-01,2.229675772134642742e-02
-1.676647142037114735e+00,2.929736134677158876e-01
-6.590657997120126232e-01,3.984958747023028547e-01
-7.433344792960309144e-01,8.102576477155359891e-01
-1.602575525893130959e-01,3.315938652843097856e-01
-3.981767323004129500e-01,-2.169499431311228133e-03
8.756602044890859915e-01,4.179725362427023916e-02
3.790327755959331801e-01,2.900652275307374559e-02
6.606734739582514893e-02,-1.639172911496124818e-01
-1.369972205716508684e+00,-7.046640282983646086e-02
-4.662082479502545618e-01,-5.598351057545444126e-02
3.236484199002925277e-01,9.966714568399306570e-03
3.881881304969635460e-01,2.262514292493609802e-01
8.618354424650430390e-02,1.153450438087684771e-01
-4.118488446333201103e-01,6.390414670074330283e-01
7.011680594485097603e-03,3.388146535934828951e-01
-1.343380402770557869e-01,1.758823955488296176e-01
4.323783704075978562e-02,1.725945029883340504e-02
2.558374639672893469e-01,5.405365140652123035e-01
3.207855386221732386e-01,1.190815041498519550e-01
-1.192175740251925298e+00,2.833736302311020694e-01
-3.505903540140655750e-01,2.245867525653774954e-01
-3.512077509155382971e-01,-1.969951424863534140e-01
9.869133878283876671e-01,-3.626200523378163287e-02
-1.886849913681130919e-01,1.940464442123433220e-01
-1.221786128324960696e+00,-5.334239734948605094e-02
-2.379240203444597523e-01,1.944356060178363821e-01
-8.460490709409652643e-01,1.332562274035880012e+00
-1.354459501731377413e+00,-7.340327077340343120e-02
-6.539729262276264832e-01,4.338963422144549997e-01
-1.035100797757735558e+00,5.624074688724545190e-01
5.898228116780075414e-01,1.200007402932415368e-01
-3.003755886635589567e-01,3.076719956759078056e-01
-2.259908367286909137e-01,3.013518598746843247e-01
-7.406969292467496802e-01,2.922802739016042844e-02
-6.983979039109226017e-01,6.203786367197657858e-01
6.314177138321733773e-01,8.063077806553664573e-02
-1.570109969853603848e+00,1.912622675631310831e-01
3.624587257503648074e-01,-7.448643460908929703e-02
-1.928972043398429204e+00,-2.633809927084483915e-01
-9.054030365290836047e-01,-5.095309745072042207e-02
-7.374754568188882642e-01,1.852513930392667152e-01
-4.260771092451888231e-01,1.574418527964778769e-01
1.738840225217673785e-01,4.490072738940795172e-02
1.675872049814719489e-01,5.167198161679157353e-01
3.551590983124125467e-02,9.303621706580626760e-02
-1.185198355317417684e+00,3.425973938196502644e-01
-3.270315551092934370e-01,-7.956964251878742567e-02
-5.907790017748413280e-01,4.092546224696042012e-01
3.389110836483938960e-01,2.897106428196807859e-01
2.092746896863865447e-01,4.500180472746050792e-02
-8.834475964186293551e-01,6.784353418881913234e-01
9.424223174623891364e-01,-7.513575174071676632e-02
-5.919021766636450854e-01,3.184680456230956636e-01
2.933497835896619124e-02,6.553160253537877455e-01
1.516956532708487460e-01,8.750402642024157629e-02
4.089756851841081647e-02,1.128558784659581919e-02
2.651369160195309882e-01,1.772970126805814561e-01
-5.865634657677027963e-01,4.025414110304821602e-02
-2.842601631959540062e-02,5.479482736953679156e-01
4.441679302024173492e-01,-1.196646321878265251e-01
-1.119831961432441680e+00,4.876719345384017412e-01
1.155476852268043780e-01,8.384062979497443335e-02
-2.753314521414076954e-01,3.345180996055042294e-02
-1.252779606531774004e+00,2.017499477434800126e-01
-5.711390880128391911e-01,8.564270751713105589e-01
-9.052265064450790710e-01,1.230241823036400284e+00
-4.851601618026495921e-01,2.175441243593443930e-01
-5.431977929363274171e-01,-1.854563495944079599e-01
5.112782691649641054e-01,-2.032828426874799810e-02
-3.484104699159923935e-01,-5.545626618737572316e-02
-2.817258251164798111e-01,3.097137053680465435e-01
3.481236701589468518e-01,4.621370786743025372e-01
2.055722111027618593e-01,1.008766068879006356e-01
4.052487109471849536e-01,2.910431013154368141e-01
3.888148609824069318e-02,4.263067251788906775e-01
-9.898498634628193349e-01,-1.420817969023963345e-01
-9.515024265603343467e-01,8.212343874883099026e-02
-7.074516697604492643e-01,1.842728948252108367e-01
2.034560917895490151e-01,5.362732335666082761e-01
2.504788224707444888e-01,4.305797710243938758e-01
2.915609122496247707e-01,1.085290628743869334e-02
-4.637335236485077838e-01,3.132422327158591591e-01
1.392365139506737959e-01,-1.590515347456526174e-01
-6.035641369322055638e-01,2.483568182279275172e-01
5.058498606526609098e-01,3.659473654559068367e-01
2.533990628646686782e-01,8.209045434217966675e-02
-7.462466600482083878e-01,3.910859604590997268e-02
-6.212610182056287345e-01,9.905909443511012880e-02
-7.626169648122054223e-01,6.874800847637322354e-01
-3.929348671763779888e-01,6.373735869278730481e-01
-1.650430928816279952e+00,-2.366895897540797489e-01
-9.318113445286672070e-01,7.785933360197209163e-01
1.026297310289057352e+00,-7.446696682708750514e-02
-3.201454888483832306e-01,1.882497645323535918e-01
-1.904181293319402168e-01,-2.798089423027358760e-02
-8.464903492131363727e-01,-1.732328124187909255e-02
-6.471565700077511751e-01,3.454603761875222334e-01
-4.193996063817445052e-01,1.950814106825455863e-01
1.138669669142881868e-01,5.549807715231529492e-01
4.461609206504011382e-01,5.878069989651922567e-03
-1.909297761922523207e-01,8.754882795886818891e-02
-9.518825506719751084e-03,-1.840544402620528652e-01
-2.294994900148680461e+00,2.483259162184000557e-01
6.322459332363609130e-01,2.529380983350481560e-01
-5.159681856908875375e-01,1.175512191242847199e-01
-1.390986920819437200e+00,-1.760279999688124930e-01
5.708347448101864785e-01,-7.270292870102591787e-02
-1.325800097515681120e-01,3.976485428160961844e-01
-5.019347671350703477e-01,4.257622632925432415e-01
1.678808570145080559e-01,2.864306786538103888e-01
-8.797058851391034162e-01,-2.350310419072305923e-01
3.579679634593421755e-01,1.788747999797235810e-01
-8.733332392947149581e-01,-2.063335057082340551e-01
-2.011636701799388582e-01,1.529447870380436225e-01
7.370598867979629709e-01,1.690040033434385969e-01
-5.096531000271383727e-01,4.458652541944299608e-01
-1.112295349646905462e+00,3.097476974599640276e-02
-1.701866715302237765e+00,3.548273834384279013e-01
-5.726400336414499970e-01,-1.536057498298551705e-01
-9.155661058473554270e-01,-2.118909318569123235e-02
-1.678600056124025741e+00,-1.108321916017334513e-01
8.259376281963699551e-01,6.857274533917966097e-02
1.271780852882746504e-02,5.980804333604385903e-01
-4.826406086867082723e-01,1.939956252561925720e-01
-9.253056647853927785e-01,2.268970737175463326e-01
1.018943161724588764e+00,-4.157298891934180229e-02
8.347663305956568025e-02,3.479493348071188152e-01
9.207534736949168908e-01,3.407899014035344325e-03
-3.267448516480631615e-01,-1.021163059645545518e-01
-1.023154985383374627e-01,3.269122455463718269e-01
-4.817092751425595121e-01,4.324522640499341430e-01
-1.036753503681134392e+00,1.025583629289038429e-01
-5.269764408402833888e-01,8.644499518328309096e-01
-2.164371546837280669e-01,-1.459486497437593455e-01
-1.294546133803459176e+00,-1.791786502705685069e-01
3.568713417439003943e-01,7.441046737805337430e-03
-2.822262980448405623e-01,-1.467814221350718096e-01
7.412263502720827235e-01,-2.682666348986155816e-02
8.234289641959484651e-01,-6.378168236423119829e-03
7.014662256370297611e-01,1.554092281497124195e-02
-5.334885547450328724e-01,-1.577873655448760459e-01
-3.134410974650512771e-01,2.212502188829287564e-01
6.332291172282687730e-02,4.367580807006039567e-01
-8.084916768155830935e-01,6.042522014629615051e-02
-9.912553702087613106e-01,7.748659974580843768e-01
4.958034804563002385e-01,3.172712555696982073e-01
4.383591279769306071e-01,1.179791280651202451e-01
-8.110817552879199255e-01,4.154707235310413083e-01
1.711341443914852767e-01,3.539667443975070826e-01
5.115489986710177739e-01,1.462213546296570188e-01
3.138745906782633988e-01,1.878417646854750322e-01
-7.205816189146486972e-02,1.940726831488161774e-01
7.797024207200975443e-01,1.926098165218933789e-01
2.285651358989072846e-01,5.177247759353695855e-01
-2.277080844129279580e+00,-1.901314192018263849e-01
-7.514161058959877015e-02,1.149980291248810516e-01
-1.290403741384337000e+00,8.834632032199833951e-01
5.960282386466705246e-02,6.759202150496415040e-01
-1.500339067932084491e+00,4.516376350453839561e-01
5.560690322199155489e-01,2.006048175619747076e-01
3.609209095870802297e-01,2.814308853934572308e-01
1.067450595218636167e+00,-8.292505793734772368e-02
-2.450848799618924878e-01,2.176412949878957781e-01
-3.543340274105710175e-01,1.267656800243376625e-01
2.438426550394740822e-01,5.336921972002500736e-01
-2.345139492731038861e-02,-3.407513543150597624e-02
3.291143021423382220e-01,-1.527799142562497325e-01
5.071004287636063923e-01,8.057520113139601814e-02
-8.185274701861364743e-01,-1.568950751270299648e-02
2.943985334667952314e-01,2.009621230187518537e-01
6.404898903770334107e-01,1.611556129325037445e-01
-6.739852057979572875e-01,1.365867436244117272e-01
1.882966876022426628e-01,1.122792888773891384e-01
-1.031942047561401843e+00,-7.926721318184996867e-02
-6.159204519395425903e-01,4.273037610889056093e-01
-6.842086170493505426e-01,-7.506757000765804100e-02
-5.896406736749090216e-01,6.939222471588473162e-01
1.552391041336768918e-01,2.757342794710435432e-02
3.216556863142180367e-01,8.869042357364138873e-02
6.252781444364280405e-01,3.370730866172174517e-02
-1.735750092279678969e-01,5.984901829929305528e-01
-1.372638117377058056e-02,4.204496237702753936e-02
-1.343627237489646298e-01,7.307710373913949287e-01
-1.176780197461794630e+00,6.025765818614679109e-02
-1.420092777584706312e+00,1.821839496117506896e-01
1.128744551937403695e-01,4.295676091248807338e-01
7.130093081319532899e-01,8.053633390693671137e-03
-1.004719436781548847e+00,1.185241300843406925e-01
-1.070860582152816320e+00,2.453676706974514399e-01
3.897639075296149280e-01,1.183467298402811479e-01
-3.291561318170529993e-01,6.440576880262187665e-01
-8.347651165995954026e-01,5.810519280580611623e-01
-5.551007384414730073e-01,-2.273243254943967395e-01
-1.257734874347713028e+00,3.097540882016239228e-01
-5.707488090470743680e-01,1.334091706010320233e-01
1.136885640969049205e-01,1.077403617927739365e-01
-1.099808701517527965e+00,-1.734785540567230777e-01
-5.426895837255838462e-01,2.393711639525980539e-01
-4.615916037894925439e-01,-8.185294317484874405e-02
-3.306001166102095490e-01,9.324539565424175835e-01
4.394085366332687870e-01,-4.905761875863333399e-02
-2.313329593354505054e-01,6.677748744588672958e-01
-1.309332201409231677e+00,1.641597954371997181e+00
-1.327558735868539230e+00,4.045166962869956029e-01
2.069538681821764259e-01,4.718720953781284644e-01
-1.198846372233838942e+00,2.825477331691858898e-02
5.156387568542268873e-01,3.610905435069847735e-01
5.940585345433186948e-01,2.315307113992615129e-01
-3.266215582368113268e-01,-1.230779547120380325e-02
-1.218255636191925229e+00,-1.783169552501897015e-01
5.153377896648297929e-01,-1.251490916051183327e-03
-1.283861539231770710e+00,6.875579467288037150e-02
4.634227326657714974e-01,1.029024473127985312e-01
3.761943625463530783e-01,-1.273293862167167445e-01
-3.031179762108571207e-01,3.948627724412684392e-01
5.470343304485799328e-03,2.942568745541662700e-01
-1.490165340135217953e+00,-1.783343133717670559e-01
-3.125182181681111504e-01,1.295257871236279446e-01
8.825441982213685366e-01,5.852997629763450477e-02
2.409575828646534634e-01,3.009733304294245348e-01
-6.922129434980964779e-01,3.317021125648557112e-01
-2.537019837677674250e-01,4.878281624946256279e-01
-9.826290850248711184e-01,7.478064146429468373e-01
5.627414841051957967e-02,6.713522740043689208e-01
-1.482408612293825978e-01,9.414509516696388525e-02
3.486968839271470388e-02,4.370459958344918294e-01
-1.615557441305529807e+00,-1.039815415240266383e-01
3.017050071137541423e-01,-1.196783339436179733e-01
-1.076569381346513143e+00,2.329133175278640389e-01
-1.246353559954678447e+00,1.674916611171994862e-01
-8.833183050780950563e-01,2.296308628860674883e-01
-1.057570826872027484e-02,6.195602548002423528e-03
-4.333377754071301435e-01,2.046586908455989007e-01
-1.375474015799850847e+00,-2.391127641797113346e-01
-6.856195282177689199e-02,4.617891871490726469e-02
-4.299816900093852978e-01,1.681508476833900589e-01
-1.741450268138250657e+00,-8.946199824131906286e-02
-6.887482972383123236e-01,1.959950339713259215e-01
-4.373397165780323337e-01,5.003433146549929322e-01
-4.247898269413122319e-01,3.016540660314496192e-01
-2.509406234206220665e-01,7.338532540002616900e-01
-2.377528282676720506e-02,-1.559153388002217366e-01
-1.024837059383214788e+00,1.400515152113562367e+00
9.364737055305910607e-01,2.627731614140840950e-03
-1.792961528130124771e-01,-1.475716408091000131e-01
3.475845684710069938e-01,3.966768490678216352e-01
-2.861820045189081840e-01,5.093600872468291296e-01
7.476931094927463661e-02,7.010176519001672935e-01
-5.869463715623061129e-01,1.312200873091807496e-01
7.480760258267712404e-01,1.118653962971332405e-01
2.176461529374481008e-01,3.362718591263802459e-01
-6.597463597741738406e-01,-3.941093340698885450e-02
-1.357247973602236923e+00,4.462443646772650818e-01
2.038567775974962082e-01,4.905325342802611677e-01
-1.292298603453427841e+00,1.170855028039233359e+00
-1.359824699939228942e+00,5.230891665960735182e-01
-6.168672327694736390e-01,2.996534131682876412e-01
-1.090852082851097471e+00,3.056379842185278362e-01
1.812578718609501871e-01,3.426017315795084617e-01
-1.436349407909373599e-01,2.059305758374661288e-01
-9.116380167807613955e-02,5.789056839090466200e-01
2.055407055372807934e-01,-1.133903950489902751e-01
-1.571453270024914861e+00,-4.284722924978522085e-03
-2.038760830778218180e-01,6.258172980745929648e-02
-1.113368324927793140e-01,4.951709406376478828e-01
7.099967329883614120e-01,-3.571356680300879355e-02
-1.266238302046039710e+00,-2.818453839285171014e-01
5.369149679347783033e-02,-1.143646795671867528e-01
-4.696195814954900322e-02,7.759195537229882089e-02
-1.631244447661339025e+00,2.641127068888582050e-02
2.010069086992425369e-01,5.632896348412248511e-01
6.104710513445960052e-01,1.032924896806194648e-01
4.650932359541313232e-01,5.702753111853556961e-02
-4.652021124188812640e-02,1.639673730993621362e-02
-7.906679213150040741e-01,-1.216070241967435878e-01
-1.331372948498866782e+00,8.681089450537200491e-01
4.017340949816690099e-01,3.139601467880066138e-02
-3.546767529615660330e-01,9.766550397092109426e-02
2.700673748514338945e-01,4.044367325491463050e-01
3.665324508665155911e-01,2.380922698509269630e-01
-6.098170127317345014e-03,-1.365333015940714823e-01
-8.487540892240262869e-01,9.790160864540974062e-02
-2.399606412962866031e+00,-3.386620011102519090e-01
-5.749200531296351224e-01,1.554229073709920694e-01
-1.985525111648377694e-01,1.811909859232716802e-01
-3.915966329492802656e-01,-1.294575205402896112e-01
-3.263319315907670798e-02,6.688698809813992119e-01
-3.204494834795486302e-02,5.197677191773031335e-01
-1.511282263128926440e+00,-3.239001618840943453e-02
-1.721803394158397671e-01,2.298091571921761223e-01
-1.001971565622027605e+00,-8.555196663838889048e-02
7.762314846887025110e-01,1.560521973687123143e-01
-7.207829599044073277e-01,3.731085937767555927e-01
-3.240984968436399494e-01,3.566479038821939729e-01
-7.166026523363705492e-01,1.050033793757295664e-01
-1.488828443677265190e+00,-5.414914586093981345e-03
1.191522519238697175e-01,8.476085363905337677e-02
-8.940964245014848544e-02,4.373662720348656108e-01
8.758012030771336054e-01,1.003855024899069220e-01
-6.990021172265823424e-01,3.589083553123050829e-01
-1.373033094946795707e+00,-1.222914049193399993e-01
-1.807983328321377980e+00,-2.618116112732897793e-01
-9.068273584426179701e-01,6.449176768491191591e-01
-1.158180838552436365e+00,-2.609679135620567858e-01
-1.741353523717679819e+00,8.535752692804681185e-01
-2.061079592400227423e+00,-3.217003553583163700e-01
-7.011947115565237976e-01,4.628701161309201062e-02
-3.087036255553918251e-01,1.405408739774896554e-01
-9.538926091983619404e-01,1.764104319366496254e-01
5.056914513109769249e-01,1.606898530274733505e-01
3.245176072354795105e-01,1.065204166184198081e-01
-3.544116191043230613e-01,1.194780353145901419e-01
-1.284901640484884533e-01,1.230786729447307104e-01
-1.421850692318908038e+00,1.177923135838120638e-01
1.076371184616984111e+00,-8.217148398746869364e-02
-4.863525648124071843e-01,2.440264660650859063e-01
2.649088627489902814e-01,-6.531753948838031620e-02
1.338635100659830157e-01,1.492037946873771108e-02
-3.827167583957669095e-01,1.191959005864486748e-01
-1.947563287447539926e+00,7.437741516283740140e-01
-5.009530937150495911e-01,4.673377053197358966e-01
-8.827325296183932135e-01,-1.263677839244845003e-01
-7.051768681290090379e-01,7.027850993601760798e-01
1.307507563521745630e-01,4.946460785750302902e-01
-2.751431903533687051e-01,8.207100830914393352e-01
1.810349492477902056e-01,3.043700377600895915e-02
-2.027737451574737337e-01,2.917839980625028251e-01
-1.751796628060230843e+00,-3.181112618621059207e-01
2.826492273448307641e-02,2.688433461729848317e-01
-9.274895211999686362e-01,4.016395464178454944e-01
-7.206868883625219269e-01,-1.559921082496366074e-01
-1.134282246265810423e+00,3.656488336647117227e-02
2.962984242982684147e-01,4.112652451152670197e-01
-8.260713949308666759e-01,1.247108720071895931e-02
-5.796481125922262612e-01,3.587004268798559825e-01
4.390154001197665856e-01,1.349546078411411332e-01
-1.510675921287047307e+00,7.603523835010012055e-02
-4.769201328559236758e-02,5.613641875664118208e-01
-5.239019965464113415e-01,4.774213082036848355e-01
-8.331486818309459252e-01,6.360995133392679524e-01
4.056276490393549983e-01,2.274419669202951133e-02
-2.899524233240911575e-01,-1.792925786357717488e-01
-9.152675222561409418e-01,7.722490987517591395e-03
3.785946368652401417e-01,8.169627299655098096e-02
4.844458567173434704e-01,1.700770625945487169e-01
-7.688488816956640104e-02,-9.927480495028868923e-02
-2.180335203037359892e-01,1.704544753269744972e-01
-5.598851127802637606e-01,8.385087959793428858e-02
-8.492113167363830872e-02,-1.190487420378252836e-01
1.527056357680496024e-01,3.554797876078360508e-01
7.948476889168791804e-01,-4.558415457781847709e-03
3.062150419478935071e-01,4.222998556405461734e-01
2.623028275352154437e-01,-1.500943121717236012e-02
-2.719830051959603451e-02,4.905105427559060538e-01
3.964353582572499035e-01,-7.859361714354576312e-02
1.453566138984945244e-01,6.321932442237923611e-02
-3.973517805146712378e-01,5.200761571298176955e-01
-5.564837639982829209e-01,1.798991829743212811e-02
4.650346149889179048e-01,2.850858151592180478e-01
-5.295081515253797777e-01,2.713910443268967576e-01
-1.741638640437891405e-01,-4.976040703192775860e-02
6.208747606828801668e-02,2.203145731670987373e-01
3.911916795376150779e-01,-1.030671618769621184e-01
-5.464430017037417153e-01,-1.424625939930035390e-01
-3.483073111112472420e-01,8.601147545555597462e-01
-5.929756284335599981e-01,7.488888191690401541e-01
4.012855058119803031e-01,2.711812814252039794e-01
-9.767313608542957937e-01,1.720942644239669139e-01
-4.652130330968518579e-01,-1.756987380269553478e-01
1.539912194240999621e-01,5.813703443908539992e-01
-2.102709438862128410e-01,1.984188027896671147e-01
5.722062216618598735e-02,1.653897072659708811e-01
-1.073112703074091678e+00,5.996215791012058371e-01
-9.063206983794366289e-01,3.242863987940436954e-01
2.325587116387421993e-01,-1.306381554288528202e-01
8.247658365109542533e-01,2.470491425930410306e-03
1.122779665369300767e-01,-3.211521425680077813e-02
6.103785936804951850e-01,-2.693011224926303293e-02
-5.875620903042162446e-01,-1.963010212050554093e-01
-3.837259328189897012e-01,7.040793590175294936e-01
1.522902742898074313e-01,5.586374098894514306e-01
-1.099687361847126038e-01,1.599767780891587707e-02
2.142524500156074707e-01,3.168551477009037831e-02
-1.401554069239211442e+00,9.288930114011967332e-01
1.155598599714669161e+00,-1.096628175926948751e-01
8.423113880997720182e-01,5.650522889190808667e-02
-2.048754568899125994e-01,1.739942648826094951e-01
-6.334113291595981909e-01,5.070155250423504789e-01
-1.389899262992315032e+00,1.346725896106837794e+00
2.883942805213960958e-01,1.684694314627634137e-02
1.086004289664559280e-01,2.758865882911401557e-01
2.641321576225100221e-01,2.680261596161473969e-01
-6.584700494854250907e-01,-1.330304176190195142e-01
-2.093241551071812201e-01,8.228616914332513854e-01
6.703566054942242669e-01,-4.111351088184077296e-02
5.240161326655096152e-01,2.549042564263233612e-01
-1.084241089355662407e-01,2.728213044411932631e-02
3.887086171639866222e-02,1.430989551369860058e-02
7.909835264285491885e-02,-1.638647307641924178e-01
-4.250893377367970238e-01,3.302168742561701342e-01
1.564007547860183367e-01,-1.849590414994375931e-01
-1.612360433490042544e+00,-6.386356833575805581e-02
-7.697454442732972746e-01,1.161108784240323599e+00
-2.064182085671223132e-01,5.259852479952369375e-01
-4.260193264202046803e-01,1.631001662097660010e-01
9.363969097218061144e-01,-2.483817752283918115e-02
1.790025826217800098e-01,3.721713390247639031e-01
-1.407676857879220852e-02,4.761999925890370577e-01
3.741793398516442548e-01,1.262616948753536410e-02
-8.080218184315600682e-01,2.911128686807787358e-01
-6.051588463516247574e-01,6.518161406563425242e-01
-1.097764589302081761e+00,5.841489570743676474e-01
-2.288837022403102939e-01,1.186806916642401261e-01
1.296655247510321018e-01,5.290352343939754010e-02
-1.872778201375930873e-01,3.183528945329412996e-01
1.183525858081654114e+00,-1.029158542192298298e-01
-8.278607350674285215e-01,6.150267928221096053e-02
-1.414631721022165667e-01,-1.036241420976306421e-01
-1.251058782945531522e+00,-1.857052561401485447e-01
-1.380713154555041899e-01,-8.493908488078821817e-02
-8.542736106576411803e-01,6.905891989913360840e-01
-3.571358887627465450e-01,3.238689657681946832e-01
-4.042659647286390712e-01,5.536038088739774210e-01
1.354146420846738356e-02,-6.284576987115940427e-02
-1.135073502679633695e+00,-2.199676964433355530e-01
5.670665219509741783e-01,7.292063360508063696e-02
-1.121970752063389254e+00,1.213095831873691743e+00
6.139378777437102253e-01,1.028669470225135746e-01
-1.963635217128334165e-01,3.399706179204202705e-01
-8.929128276847773105e-01,2.298920356813200297e-02
-1.998117586463145079e-01,7.552363821186716120e-01
-2.220149828237806267e-01,8.128002084904865088e-01
1.001375978376771503e+00,1.761837669583107488e-02
7.861511964672225350e-01,-1.245213048802405326e-01
-1.222733676487709475e+00,2.582689901460427095e-01
4.331352063530391483e-01,2.216257464160944213e-01
-1.462476821360004786e+00,9.040155003755178109e-01
-8.214372310960357249e-01,-8.256809656470240344e-02
-4.670738710480660805e-01,6.989438627533489656e-01
-2.079464820974577521e-01,-3.974459104554652067e-02
-6.328174374510102673e-01,2.336314222566695520e-01
-8.053990626135647535e-01,6.590923717450430930e-01
4.781875523021413693e-02,1.856677954726153323e-01
-1.131931748198204080e+00,1.237833742151098093e+00
-7.809912611399314475e-01,-4.080058779604998215e-02
-3.210870833709579819e-01,1.179274608434671689e-01
-2.102320728880720940e-02,-8.976649459813837439e-02
-5.583970007085423820e-02,1.355440671219420579e-01
5.007139661979430612e-01,2.841980279860702452e-01
9.538457380359626203e-01,6.464511812041988381e-02
4.223830600414316128e-01,2.340723634116347596e-01
5.670106218156316658e-01,-3.052427241600022892e-03
1.397985993830440643e-01,1.792158229210012166e-01
-1.764921619139667441e-01,-9.447467692326076694e-02
-5.744008481369842212e-01,3.970556974795899086e-01
3.933513595161829968e-01,3.129178919459154051e-01
-5.150411881344256759e-01,3.869599263796281718e-01
-4.044021212482933336e-01,-1.497354513173272672e-01
3.267660990412857291e-01,3.621597279727629126e-01
4.832580607367505388e-01,3.456771175949903130e-01
2.696195502986933890e-01,5.390094359385767114e-02
-5.920682490758170102e-01,1.185664402214917201e+00
1.001447470067627687e+00,-2.508273605865305941e-02
6.053689201133051201e-01,1.829978670432359442e-02
8.779616691290242914e-02,3.241119590952803997e-01
8.018264128372465382e-02,4.206212871678301490e-01
-2.352064115892209539e-01,5.189821746754261778e-01
9.332264911111665118e-01,7.647462744280715888e-03
-7.666465712426135948e-01,5.819555757959956610e-01
4.344654696474879452e-01,3.159655880337590705e-01
-5.771537443542227308e-01,2.381747126262380720e-01
7.832474943385286936e-02,2.518821863718881393e-01
-2.259885795499525507e-01,1.122690872563578274e-01
5.332275340131744645e-01,3.586255115412440714e-02
2.019105990314768451e-01,5.352154817841530132e-01
-1.186019518805075723e+00,6.567685331463610221e-02
2.564564705170119807e-01,4.749396831946463005e-01
-7.635701969082030471e-01,1.291287176401307857e-01
-1.391089274247358509e-01,8.455771638914071353e-01
-5.990990457582320294e-01,9.960586337691079706e-01
-7.707370937182674853e-01,-2.486355019987510628e-01
-5.225973738236929789e-01,-6.580794759665056781e-02
-2.003534670885679936e-01,1.440816133254750053e-01
-1.262453007320928133e+00,1.402068372105381266e+00
3.045050633223900793e-01,1.540960752054167104e-01
-5.227439150655397437e-01,3.200812420538678427e-01
-7.159287272102995425e-01,2.152603636399753884e-01
3.857135444171835292e-01,4.183743297394976746e-01
5.252408717750146616e-01,1.781437824748289753e-02
-1.118577401962766310e-01,-8.462247998872633042e-03
2.637972174223904842e-01,8.775670153638873150e-02
-1.422870735731525560e+00,8.852125841305293064e-02
-5.403307342784949840e-01,4.621486723645398254e-01
-1.124388083189357346e+00,-1.131871164411182573e-01
-7.652378346053125835e-01,6.715832598627298200e-01
-1.788977588098361604e-01,4.730718327705519810e-01
-6.755750718708047886e-01,2.861455920600690095e-01
7.091364656270864320e-01,-9.668532327695512907e-02
2.582572379069442148e-01,3.115143271378360001e-01
-1.331568268349531570e+00,1.486187916181641866e-01
-5.730988451056105992e-01,-1.753731322811791227e-02
-1.542952241211266173e+00,7.150619084235999567e-01
1.036227862490669116e+00,-9.219589346881836012e-02
-3.115045652542492993e-01,1.075304072196220651e-01
-1.261942069211808626e+00,-2.483629428836885422e-01
-8.700203747184447334e-01,4.319302648774343001e-01
-2.279619714426050353e-02,-5.548214124462786528e-02
-2.660665335736606130e-01,7.888718978321177522e-01
-1.140211420606260934e-01,1.534939950262211028e-01
1.640025215482641130e-01,-1.257289933810294691e-01
-5.171820158542526080e-01,-9.200587981409891203e-02
-3.832138987751328441e-01,2.027262497440229794e-01
2.295129936398865589e-01,3.699216611484998363e-01
3.119746734342973560e-01,2.528059888632630536e-01
-1.867415052050382274e+00,-1.039751788762613843e-01
-1.097538625238549725e+00,1.358184902614620604e-01
2.869059912076420971e-01,9.325523592513326743e-02
-1.702140876658342350e-01,8.148765228488570322e-01
-3.302771454107257809e-01,7.560764768246963641e-01
-1.603743151655250346e-02,4.257222783291825241e-02
-5.481441380267958463e-01,4.003896788962715836e-01
7.576068105573313671e-01,1.325122239184278738e-01
-6.445755724402236764e-01,1.205840086585741044e+00
-1.408347722326184881e+00,6.589605306979573474e-01
-1.081838287124906595e+00,1.356622510193143283e+00
-1.468770507574598261e+00,-4.708344545654011282e-02
5.470151247404154704e-01,3.237193371355611138e-01
-5.351834270058132281e-01,9.311586046946869477e-02
-1.569382008757893576e+00,-2.595564579322541809e-01
-5.152071986645929275e-02,1.149723824535525685e-01
8.065678390086643279e-02,2.727423566337743854e-01
-4.330836813479653769e-01,6.102016763649040776e-01
-1.148370963404653361e-01,2.719041064336680802e-01
